rosbagTimestamp,header,seq,stamp,secs,nsecs,frame_id,level,name,msg,file,function,line,topics_0
1534357605484114098,,1,,1534357605,467530525,'',2,"""/record""","""Subscribing to /rosout""","""/tmp/binarydeb/ros-kinetic-rosbag-1.12.13/src/recorder.cpp""","""shared_ptr<ros",212,/rosout
1534357605484229975,,2,,1534357605,474597642,'',2,"""/record""","""Subscribing to /rosout_agg""","""/tmp/binarydeb/ros-kinetic-rosbag-1.12.13/src/recorder.cpp""","""shared_ptr<ros",212,/rosout
1534357606484844992,,3,,1534357606,484705207,'',2,"""/record""","""Subscribing to /object_return""","""/tmp/binarydeb/ros-kinetic-rosbag-1.12.13/src/recorder.cpp""","""shared_ptr<ros",212,/rosout
1534357608159261804,,1,,1534357608,158806085,'',2,"""/readStuff""","""milliseconds","""serial_data_client.py""","""talker""",33,/object_return,/rosout
1534357609159804747,,2,,1534357609,159300088,'',2,"""/readStuff""","""milliseconds","""serial_data_client.py""","""talker""",33,/object_return,/rosout
1534357610159922626,,3,,1534357610,159373998,'',2,"""/readStuff""","""milliseconds","""serial_data_client.py""","""talker""",33,/object_return,/rosout
1534357611160553092,,4,,1534357611,160132884,'',2,"""/readStuff""","""milliseconds","""serial_data_client.py""","""talker""",33,/object_return,/rosout
1534357612160859028,,5,,1534357612,160231113,'',2,"""/readStuff""","""milliseconds","""serial_data_client.py""","""talker""",33,/object_return,/rosout
1534357613161244963,,6,,1534357613,160908937,'',2,"""/readStuff""","""milliseconds","""serial_data_client.py""","""talker""",33,/object_return,/rosout
1534357614161012536,,7,,1534357614,160602092,'',2,"""/readStuff""","""milliseconds","""serial_data_client.py""","""talker""",33,/object_return,/rosout
1534357615162225094,,8,,1534357615,161706924,'',2,"""/readStuff""","""milliseconds","""serial_data_client.py""","""talker""",33,/object_return,/rosout
1534357616162850338,,9,,1534357616,162468910,'',2,"""/readStuff""","""milliseconds","""serial_data_client.py""","""talker""",33,/object_return,/rosout
1534357617163029417,,10,,1534357617,162559032,'',2,"""/readStuff""","""milliseconds","""serial_data_client.py""","""talker""",33,/object_return,/rosout
1534357618163699782,,11,,1534357618,163320064,'',2,"""/readStuff""","""milliseconds","""serial_data_client.py""","""talker""",33,/object_return,/rosout
1534357619163337160,,12,,1534357619,162992954,'',2,"""/readStuff""","""milliseconds","""serial_data_client.py""","""talker""",33,/object_return,/rosout
1534357620164501596,,13,,1534357620,164119958,'',2,"""/readStuff""","""milliseconds","""serial_data_client.py""","""talker""",33,/object_return,/rosout
1534357621164178964,,14,,1534357621,163805007,'',2,"""/readStuff""","""milliseconds","""serial_data_client.py""","""talker""",33,/object_return,/rosout
1534357622164895784,,15,,1534357622,164541006,'',2,"""/readStuff""","""milliseconds","""serial_data_client.py""","""talker""",33,/object_return,/rosout
1534357623164972205,,16,,1534357623,164585113,'',2,"""/readStuff""","""milliseconds","""serial_data_client.py""","""talker""",33,/object_return,/rosout
1534357624165710114,,17,,1534357624,165343046,'',2,"""/readStuff""","""milliseconds","""serial_data_client.py""","""talker""",33,/object_return,/rosout
1534357625166719603,,18,,1534357625,166049957,'',2,"""/readStuff""","""milliseconds","""serial_data_client.py""","""talker""",33,/object_return,/rosout
1534357626166931693,,19,,1534357626,166099071,'',2,"""/readStuff""","""milliseconds","""serial_data_client.py""","""talker""",33,/object_return,/rosout
1534357627167392921,,20,,1534357627,166980981,'',2,"""/readStuff""","""milliseconds","""serial_data_client.py""","""talker""",33,/object_return,/rosout
1534357628167379944,,21,,1534357628,167016029,'',2,"""/readStuff""","""milliseconds","""serial_data_client.py""","""talker""",33,/object_return,/rosout
1534357629168238460,,22,,1534357629,167735099,'',2,"""/readStuff""","""milliseconds","""serial_data_client.py""","""talker""",33,/object_return,/rosout
1534357630167845017,,23,,1534357630,167460918,'',2,"""/readStuff""","""milliseconds","""serial_data_client.py""","""talker""",33,/object_return,/rosout
1534357631169043422,,24,,1534357631,168526887,'',2,"""/readStuff""","""milliseconds","""serial_data_client.py""","""talker""",33,/object_return,/rosout
1534357632169503126,,25,,1534357632,169148921,'',2,"""/readStuff""","""milliseconds","""serial_data_client.py""","""talker""",33,/object_return,/rosout
1534357633169286748,,26,,1534357633,168724060,'',2,"""/readStuff""","""milliseconds","""serial_data_client.py""","""talker""",33,/object_return,/rosout
1534357634170676277,,27,,1534357634,170068025,'',2,"""/readStuff""","""milliseconds","""serial_data_client.py""","""talker""",33,/object_return,/rosout
1534357635170156682,,28,,1534357635,169827938,'',2,"""/readStuff""","""milliseconds","""serial_data_client.py""","""talker""",33,/object_return,/rosout
1534357636171108456,,29,,1534357636,170598983,'',2,"""/readStuff""","""milliseconds","""serial_data_client.py""","""talker""",33,/object_return,/rosout
1534357637171204148,,30,,1534357637,170665979,'',2,"""/readStuff""","""milliseconds","""serial_data_client.py""","""talker""",33,/object_return,/rosout
1534357638172068345,,31,,1534357638,171355009,'',2,"""/readStuff""","""milliseconds","""serial_data_client.py""","""talker""",33,/object_return,/rosout
1534357639171547718,,32,,1534357639,171040058,'',2,"""/readStuff""","""milliseconds","""serial_data_client.py""","""talker""",33,/object_return,/rosout
1534357640172615690,,33,,1534357640,172089099,'',2,"""/readStuff""","""milliseconds","""serial_data_client.py""","""talker""",33,/object_return,/rosout
1534357641173529736,,34,,1534357641,172900915,'',2,"""/readStuff""","""milliseconds","""serial_data_client.py""","""talker""",33,/object_return,/rosout
1534357642173496260,,35,,1534357642,172967910,'',2,"""/readStuff""","""milliseconds","""serial_data_client.py""","""talker""",33,/object_return,/rosout
1534357643174238623,,36,,1534357643,173731088,'',2,"""/readStuff""","""milliseconds","""serial_data_client.py""","""talker""",33,/object_return,/rosout
1534357644173903016,,37,,1534357644,173464059,'',2,"""/readStuff""","""milliseconds","""serial_data_client.py""","""talker""",33,/object_return,/rosout
1534357645174998113,,38,,1534357645,174544095,'',2,"""/readStuff""","""milliseconds","""serial_data_client.py""","""talker""",33,/object_return,/rosout
1534357646174734669,,39,,1534357646,174316883,'',2,"""/readStuff""","""milliseconds","""serial_data_client.py""","""talker""",33,/object_return,/rosout
1534357647175375227,,40,,1534357647,175002098,'',2,"""/readStuff""","""milliseconds","""serial_data_client.py""","""talker""",33,/object_return,/rosout
1534357648176468505,,41,,1534357648,176064014,'',2,"""/readStuff""","""milliseconds","""serial_data_client.py""","""talker""",33,/object_return,/rosout
1534357649176216964,,42,,1534357649,175811052,'',2,"""/readStuff""","""milliseconds","""serial_data_client.py""","""talker""",33,/object_return,/rosout
1534357650177368436,,43,,1534357650,176547050,'',2,"""/readStuff""","""milliseconds","""serial_data_client.py""","""talker""",33,/object_return,/rosout
1534357651176738481,,44,,1534357651,176304101,'',2,"""/readStuff""","""milliseconds","""serial_data_client.py""","""talker""",33,/object_return,/rosout
1534357652177856049,,45,,1534357652,177381992,'',2,"""/readStuff""","""milliseconds","""serial_data_client.py""","""talker""",33,/object_return,/rosout
1534357653177812765,,46,,1534357653,177042961,'',2,"""/readStuff""","""milliseconds","""serial_data_client.py""","""talker""",33,/object_return,/rosout
1534357654178698041,,47,,1534357654,178215980,'',2,"""/readStuff""","""milliseconds","""serial_data_client.py""","""talker""",33,/object_return,/rosout
1534357655178401234,,48,,1534357655,177886009,'',2,"""/readStuff""","""milliseconds","""serial_data_client.py""","""talker""",33,/object_return,/rosout
1534357656179861167,,49,,1534357656,178940057,'',2,"""/readStuff""","""milliseconds","""serial_data_client.py""","""talker""",33,/object_return,/rosout
1534357657179913620,,50,,1534357657,179522991,'',2,"""/readStuff""","""milliseconds","""serial_data_client.py""","""talker""",33,/object_return,/rosout
1534357658179878843,,51,,1534357658,179372072,'',2,"""/readStuff""","""milliseconds","""serial_data_client.py""","""talker""",33,/object_return,/rosout
1534357659180902252,,52,,1534357659,180485963,'',2,"""/readStuff""","""milliseconds","""serial_data_client.py""","""talker""",33,/object_return,/rosout
1534357660180839301,,53,,1534357660,180111885,'',2,"""/readStuff""","""milliseconds","""serial_data_client.py""","""talker""",33,/object_return,/rosout
1534357661181271685,,54,,1534357661,180967092,'',2,"""/readStuff""","""milliseconds","""serial_data_client.py""","""talker""",33,/object_return,/rosout
1534357662181949349,,55,,1534357662,181024074,'',2,"""/readStuff""","""milliseconds","""serial_data_client.py""","""talker""",33,/object_return,/rosout
1534357663182192457,,56,,1534357663,181782007,'',2,"""/readStuff""","""milliseconds","""serial_data_client.py""","""talker""",33,/object_return,/rosout
1534357664182861457,,57,,1534357664,182529926,'',2,"""/readStuff""","""milliseconds","""serial_data_client.py""","""talker""",33,/object_return,/rosout
1534357665182920319,,58,,1534357665,182568073,'',2,"""/readStuff""","""milliseconds","""serial_data_client.py""","""talker""",33,/object_return,/rosout
1534357666183753902,,59,,1534357666,183336973,'',2,"""/readStuff""","""milliseconds","""serial_data_client.py""","""talker""",33,/object_return,/rosout
1534357667183548834,,60,,1534357667,183058977,'',2,"""/readStuff""","""milliseconds","""serial_data_client.py""","""talker""",33,/object_return,/rosout
1534357668184764318,,61,,1534357668,184118032,'',2,"""/readStuff""","""milliseconds","""serial_data_client.py""","""talker""",33,/object_return,/rosout
1534357669184869051,,62,,1534357669,183892965,'',2,"""/readStuff""","""milliseconds","""serial_data_client.py""","""talker""",33,/object_return,/rosout
1534357670185474982,,63,,1534357670,184968948,'',2,"""/readStuff""","""milliseconds","""serial_data_client.py""","""talker""",33,/object_return,/rosout
1534357671184907236,,64,,1534357671,184593915,'',2,"""/readStuff""","""milliseconds","""serial_data_client.py""","""talker""",33,/object_return,/rosout
1534357672186164415,,65,,1534357672,185435056,'',2,"""/readStuff""","""milliseconds","""serial_data_client.py""","""talker""",33,/object_return,/rosout
1534357673187002276,,66,,1534357673,186534881,'',2,"""/readStuff""","""milliseconds","""serial_data_client.py""","""talker""",33,/object_return,/rosout
1534357674186690703,,67,,1534357674,186172962,'',2,"""/readStuff""","""milliseconds","""serial_data_client.py""","""talker""",33,/object_return,/rosout
1534357675187482249,,68,,1534357675,186953067,'',2,"""/readStuff""","""milliseconds","""serial_data_client.py""","""talker""",33,/object_return,/rosout
1534357676187497177,,69,,1534357676,187006950,'',2,"""/readStuff""","""milliseconds","""serial_data_client.py""","""talker""",33,/object_return,/rosout
1534357677188211117,,70,,1534357677,187741041,'',2,"""/readStuff""","""milliseconds","""serial_data_client.py""","""talker""",33,/object_return,/rosout
1534357678188108234,,71,,1534357678,187449932,'',2,"""/readStuff""","""milliseconds","""serial_data_client.py""","""talker""",33,/object_return,/rosout
1534357679188899431,,72,,1534357679,188534975,'',2,"""/readStuff""","""milliseconds","""serial_data_client.py""","""talker""",33,/object_return,/rosout
1534357680189810672,,73,,1534357680,189307928,'',2,"""/readStuff""","""milliseconds","""serial_data_client.py""","""talker""",33,/object_return,/rosout
1534357681189579609,,74,,1534357681,189023971,'',2,"""/readStuff""","""milliseconds","""serial_data_client.py""","""talker""",33,/object_return,/rosout
1534357682190609680,,75,,1534357682,190090894,'',2,"""/readStuff""","""milliseconds","""serial_data_client.py""","""talker""",33,/object_return,/rosout
1534357683190188944,,76,,1534357683,189836025,'',2,"""/readStuff""","""milliseconds","""serial_data_client.py""","""talker""",33,/object_return,/rosout
1534357684190951647,,77,,1534357684,190568923,'',2,"""/readStuff""","""milliseconds","""serial_data_client.py""","""talker""",33,/object_return,/rosout
1534357685191075662,,78,,1534357685,190644979,'',2,"""/readStuff""","""milliseconds","""serial_data_client.py""","""talker""",33,/object_return,/rosout
1534357686191780227,,79,,1534357686,191378116,'',2,"""/readStuff""","""milliseconds","""serial_data_client.py""","""talker""",33,/object_return,/rosout
1534357687191769409,,80,,1534357687,191423892,'',2,"""/readStuff""","""milliseconds","""serial_data_client.py""","""talker""",33,/object_return,/rosout
1534357688192669919,,81,,1534357688,192193031,'',2,"""/readStuff""","""milliseconds","""serial_data_client.py""","""talker""",33,/object_return,/rosout
1534357689193317403,,82,,1534357689,192955017,'',2,"""/readStuff""","""milliseconds","""serial_data_client.py""","""talker""",33,/object_return,/rosout
1534357690193363190,,83,,1534357690,193001031,'',2,"""/readStuff""","""milliseconds","""serial_data_client.py""","""talker""",33,/object_return,/rosout
1534357691194375519,,84,,1534357691,193754911,'',2,"""/readStuff""","""milliseconds","""serial_data_client.py""","""talker""",33,/object_return,/rosout
1534357692194240376,,85,,1534357692,193455934,'',2,"""/readStuff""","""milliseconds","""serial_data_client.py""","""talker""",33,/object_return,/rosout
1534357693195118053,,86,,1534357693,194567918,'',2,"""/readStuff""","""milliseconds","""serial_data_client.py""","""talker""",33,/object_return,/rosout
1534357694194816765,,87,,1534357694,194267988,'',2,"""/readStuff""","""milliseconds","""serial_data_client.py""","""talker""",33,/object_return,/rosout
1534357695195397484,,88,,1534357695,195019006,'',2,"""/readStuff""","""milliseconds","""serial_data_client.py""","""talker""",33,/object_return,/rosout
1534357696196802823,,89,,1534357696,196119070,'',2,"""/readStuff""","""milliseconds","""serial_data_client.py""","""talker""",33,/object_return,/rosout
1534357697196680784,,90,,1534357697,195745944,'',2,"""/readStuff""","""milliseconds","""serial_data_client.py""","""talker""",33,/object_return,/rosout
1534357698197145290,,91,,1534357698,196576118,'',2,"""/readStuff""","""milliseconds","""serial_data_client.py""","""talker""",33,/object_return,/rosout
1534357699196997534,,92,,1534357699,196641921,'',2,"""/readStuff""","""milliseconds","""serial_data_client.py""","""talker""",33,/object_return,/rosout
1534357700197754465,,93,,1534357700,197403907,'',2,"""/readStuff""","""milliseconds","""serial_data_client.py""","""talker""",33,/object_return,/rosout
1534357701197830102,,94,,1534357701,197455883,'',2,"""/readStuff""","""milliseconds","""serial_data_client.py""","""talker""",33,/object_return,/rosout
1534357702198775099,,95,,1534357702,198215007,'',2,"""/readStuff""","""milliseconds","""serial_data_client.py""","""talker""",33,/object_return,/rosout
1534357703198562591,,96,,1534357703,197890996,'',2,"""/readStuff""","""milliseconds","""serial_data_client.py""","""talker""",33,/object_return,/rosout
1534357704199461061,,97,,1534357704,199008941,'',2,"""/readStuff""","""milliseconds","""serial_data_client.py""","""talker""",33,/object_return,/rosout
1534357705200278529,,98,,1534357705,199713945,'',2,"""/readStuff""","""milliseconds","""serial_data_client.py""","""talker""",33,/object_return,/rosout
1534357706200281758,,99,,1534357706,199472904,'',2,"""/readStuff""","""milliseconds","""serial_data_client.py""","""talker""",33,/object_return,/rosout
1534357707200952703,,100,,1534357707,200516939,'',2,"""/readStuff""","""milliseconds","""serial_data_client.py""","""talker""",33,/object_return,/rosout
1534357708200846404,,101,,1534357708,200288057,'',2,"""/readStuff""","""milliseconds","""serial_data_client.py""","""talker""",33,/object_return,/rosout
1534357709201984825,,102,,1534357709,201287984,'',2,"""/readStuff""","""milliseconds","""serial_data_client.py""","""talker""",33,/object_return,/rosout
1534357710201568731,,103,,1534357710,201081037,'',2,"""/readStuff""","""milliseconds","""serial_data_client.py""","""talker""",33,/object_return,/rosout
1534357711202670123,,104,,1534357711,202137947,'',2,"""/readStuff""","""milliseconds","""serial_data_client.py""","""talker""",33,/object_return,/rosout
1534357712203353639,,105,,1534357712,202862024,'',2,"""/readStuff""","""milliseconds","""serial_data_client.py""","""talker""",33,/object_return,/rosout
1534357713202967782,,106,,1534357713,202620029,'',2,"""/readStuff""","""milliseconds","""serial_data_client.py""","""talker""",33,/object_return,/rosout
1534357714204276879,,107,,1534357714,203666925,'',2,"""/readStuff""","""milliseconds","""serial_data_client.py""","""talker""",33,/object_return,/rosout
1534357715203802076,,108,,1534357715,203404903,'',2,"""/readStuff""","""milliseconds","""serial_data_client.py""","""talker""",33,/object_return,/rosout
1534357716204530802,,109,,1534357716,204174995,'',2,"""/readStuff""","""milliseconds","""serial_data_client.py""","""talker""",33,/object_return,/rosout
1534357717204705797,,110,,1534357717,204185009,'',2,"""/readStuff""","""milliseconds","""serial_data_client.py""","""talker""",33,/object_return,/rosout
1534357718205842371,,111,,1534357718,204936027,'',2,"""/readStuff""","""milliseconds","""serial_data_client.py""","""talker""",33,/object_return,/rosout
1534357719205612736,,112,,1534357719,204678058,'',2,"""/readStuff""","""milliseconds","""serial_data_client.py""","""talker""",33,/object_return,/rosout
1534357720206185578,,113,,1534357720,205734968,'',2,"""/readStuff""","""milliseconds","""serial_data_client.py""","""talker""",33,/object_return,/rosout
1534357721206865150,,114,,1534357721,206518888,'',2,"""/readStuff""","""milliseconds","""serial_data_client.py""","""talker""",33,/object_return,/rosout
1534357722206797501,,115,,1534357722,206247091,'',2,"""/readStuff""","""milliseconds","""serial_data_client.py""","""talker""",33,/object_return,/rosout
1534357723207709580,,116,,1534357723,207317113,'',2,"""/readStuff""","""milliseconds","""serial_data_client.py""","""talker""",33,/object_return,/rosout
1534357724207516985,,117,,1534357724,207029104,'',2,"""/readStuff""","""milliseconds","""serial_data_client.py""","""talker""",33,/object_return,/rosout
1534357725208740965,,118,,1534357725,208095073,'',2,"""/readStuff""","""milliseconds","""serial_data_client.py""","""talker""",33,/object_return,/rosout
1534357726208218113,,119,,1534357726,207822084,'',2,"""/readStuff""","""milliseconds","""serial_data_client.py""","""talker""",33,/object_return,/rosout
1534357727209014244,,120,,1534357727,208523988,'',2,"""/readStuff""","""milliseconds","""serial_data_client.py""","""talker""",33,/object_return,/rosout
1534357728210032092,,121,,1534357728,209695100,'',2,"""/readStuff""","""milliseconds","""serial_data_client.py""","""talker""",33,/object_return,/rosout
1534357729209753634,,122,,1534357729,209393024,'',2,"""/readStuff""","""milliseconds","""serial_data_client.py""","""talker""",33,/object_return,/rosout
1534357730210779595,,123,,1534357730,210103988,'',2,"""/readStuff""","""milliseconds","""serial_data_client.py""","""talker""",33,/object_return,/rosout
1534357731211064419,,124,,1534357731,210246086,'',2,"""/readStuff""","""milliseconds","""serial_data_client.py""","""talker""",33,/object_return,/rosout
1534357732211618039,,125,,1534357732,210958957,'',2,"""/readStuff""","""milliseconds","""serial_data_client.py""","""talker""",33,/object_return,/rosout
1534357733211176220,,126,,1534357733,210696935,'',2,"""/readStuff""","""milliseconds","""serial_data_client.py""","""talker""",33,/object_return,/rosout
1534357734212269173,,127,,1534357734,211755990,'',2,"""/readStuff""","""milliseconds","""serial_data_client.py""","""talker""",33,/object_return,/rosout
1534357735211845576,,128,,1534357735,211393117,'',2,"""/readStuff""","""milliseconds","""serial_data_client.py""","""talker""",33,/object_return,/rosout
1534357736213145944,,129,,1534357736,212201118,'',2,"""/readStuff""","""milliseconds","""serial_data_client.py""","""talker""",33,/object_return,/rosout
1534357737213849639,,130,,1534357737,213361024,'',2,"""/readStuff""","""milliseconds","""serial_data_client.py""","""talker""",33,/object_return,/rosout
1534357738213278043,,131,,1534357738,212959051,'',2,"""/readStuff""","""milliseconds","""serial_data_client.py""","""talker""",33,/object_return,/rosout
1534357739214548834,,132,,1534357739,214088916,'',2,"""/readStuff""","""milliseconds","""serial_data_client.py""","""talker""",33,/object_return,/rosout
1534357740214276495,,133,,1534357740,213778018,'',2,"""/readStuff""","""milliseconds","""serial_data_client.py""","""talker""",33,/object_return,/rosout
1534357741215037144,,134,,1534357741,214602947,'',2,"""/readStuff""","""milliseconds","""serial_data_client.py""","""talker""",33,/object_return,/rosout
1534357742215368753,,135,,1534357742,214673042,'',2,"""/readStuff""","""milliseconds","""serial_data_client.py""","""talker""",33,/object_return,/rosout
1534357743216169552,,136,,1534357743,215342998,'',2,"""/readStuff""","""milliseconds","""serial_data_client.py""","""talker""",33,/object_return,/rosout
1534357744216724606,,137,,1534357744,216120958,'',2,"""/readStuff""","""milliseconds","""serial_data_client.py""","""talker""",33,/object_return,/rosout
1534357745216619569,,138,,1534357745,216185092,'',2,"""/readStuff""","""milliseconds","""serial_data_client.py""","""talker""",33,/object_return,/rosout
1534357746217452833,,139,,1534357746,216948986,'',2,"""/readStuff""","""milliseconds","""serial_data_client.py""","""talker""",33,/object_return,/rosout
1534357747217090813,,140,,1534357747,216609954,'',2,"""/readStuff""","""milliseconds","""serial_data_client.py""","""talker""",33,/object_return,/rosout
1534357748218239402,,141,,1534357748,217741012,'',2,"""/readStuff""","""milliseconds","""serial_data_client.py""","""talker""",33,/object_return,/rosout
1534357749218189860,,142,,1534357749,217389106,'',2,"""/readStuff""","""milliseconds","""serial_data_client.py""","""talker""",33,/object_return,/rosout
1534357750218412848,,143,,1534357750,217976093,'',2,"""/readStuff""","""milliseconds","""serial_data_client.py""","""talker""",33,/object_return,/rosout
1534357751218663018,,144,,1534357751,218219041,'',2,"""/readStuff""","""milliseconds","""serial_data_client.py""","""talker""",33,/object_return,/rosout
1534357752220069530,,145,,1534357752,218997955,'',2,"""/readStuff""","""milliseconds","""serial_data_client.py""","""talker""",33,/object_return,/rosout
1534357753220531820,,146,,1534357753,220037937,'',2,"""/readStuff""","""milliseconds","""serial_data_client.py""","""talker""",33,/object_return,/rosout
1534357754220449646,,147,,1534357754,219762086,'',2,"""/readStuff""","""milliseconds","""serial_data_client.py""","""talker""",33,/object_return,/rosout
1534357755221163647,,148,,1534357755,220556020,'',2,"""/readStuff""","""milliseconds","""serial_data_client.py""","""talker""",33,/object_return,/rosout
1534357756220977528,,149,,1534357756,220624923,'',2,"""/readStuff""","""milliseconds","""serial_data_client.py""","""talker""",33,/object_return,/rosout
1534357757221697170,,150,,1534357757,221322059,'',2,"""/readStuff""","""milliseconds","""serial_data_client.py""","""talker""",33,/object_return,/rosout
1534357758221613549,,151,,1534357758,221076011,'',2,"""/readStuff""","""milliseconds","""serial_data_client.py""","""talker""",33,/object_return,/rosout
1534357759222637754,,152,,1534357759,222162961,'',2,"""/readStuff""","""milliseconds","""serial_data_client.py""","""talker""",33,/object_return,/rosout
1534357760223118533,,153,,1534357760,222608089,'',2,"""/readStuff""","""milliseconds","""serial_data_client.py""","""talker""",33,/object_return,/rosout
1534357761223155760,,154,,1534357761,222647905,'',2,"""/readStuff""","""milliseconds","""serial_data_client.py""","""talker""",33,/object_return,/rosout
1534357762224157536,,155,,1534357762,223732948,'',2,"""/readStuff""","""milliseconds","""serial_data_client.py""","""talker""",33,/object_return,/rosout
1534357763223867792,,156,,1534357763,223484039,'',2,"""/readStuff""","""milliseconds","""serial_data_client.py""","""talker""",33,/object_return,/rosout
1534357764224763099,,157,,1534357764,224163055,'',2,"""/readStuff""","""milliseconds","""serial_data_client.py""","""talker""",33,/object_return,/rosout
1534357765224830276,,158,,1534357765,224227905,'',2,"""/readStuff""","""milliseconds","""serial_data_client.py""","""talker""",33,/object_return,/rosout
1534357766225487940,,159,,1534357766,224972963,'',2,"""/readStuff""","""milliseconds","""serial_data_client.py""","""talker""",33,/object_return,/rosout
1534357767225572614,,160,,1534357767,225040912,'',2,"""/readStuff""","""milliseconds","""serial_data_client.py""","""talker""",33,/object_return,/rosout
1534357768226138298,,161,,1534357768,225783109,'',2,"""/readStuff""","""milliseconds","""serial_data_client.py""","""talker""",33,/object_return,/rosout
1534357769227018636,,162,,1534357769,226644992,'',2,"""/readStuff""","""milliseconds","""serial_data_client.py""","""talker""",33,/object_return,/rosout
1534357770227089371,,163,,1534357770,226604938,'',2,"""/readStuff""","""milliseconds","""serial_data_client.py""","""talker""",33,/object_return,/rosout
1534357771228202403,,164,,1534357771,227272033,'',2,"""/readStuff""","""milliseconds","""serial_data_client.py""","""talker""",33,/object_return,/rosout
1534357772227535506,,165,,1534357772,227062940,'',2,"""/readStuff""","""milliseconds","""serial_data_client.py""","""talker""",33,/object_return,/rosout
1534357773228471960,,166,,1534357773,228081941,'',2,"""/readStuff""","""milliseconds","""serial_data_client.py""","""talker""",33,/object_return,/rosout
1534357774228379413,,167,,1534357774,227817058,'',2,"""/readStuff""","""milliseconds","""serial_data_client.py""","""talker""",33,/object_return,/rosout
1534357775228961271,,168,,1534357775,228607892,'',2,"""/readStuff""","""milliseconds","""serial_data_client.py""","""talker""",33,/object_return,/rosout
1534357776230229326,,169,,1534357776,229703903,'',2,"""/readStuff""","""milliseconds","""serial_data_client.py""","""talker""",33,/object_return,/rosout
1534357777229749754,,170,,1534357777,229376077,'',2,"""/readStuff""","""milliseconds","""serial_data_client.py""","""talker""",33,/object_return,/rosout
1534357778230593099,,171,,1534357778,230180978,'',2,"""/readStuff""","""milliseconds","""serial_data_client.py""","""talker""",33,/object_return,/rosout
1534357779231169508,,172,,1534357779,230154037,'',2,"""/readStuff""","""milliseconds","""serial_data_client.py""","""talker""",33,/object_return,/rosout
1534357780231521550,,173,,1534357780,230950117,'',2,"""/readStuff""","""milliseconds","""serial_data_client.py""","""talker""",33,/object_return,/rosout
1534357781231428292,,174,,1534357781,231002092,'',2,"""/readStuff""","""milliseconds","""serial_data_client.py""","""talker""",33,/object_return,/rosout
1534357782232125368,,175,,1534357782,231724023,'',2,"""/readStuff""","""milliseconds","""serial_data_client.py""","""talker""",33,/object_return,/rosout
1534357783231836068,,176,,1534357783,231467008,'',2,"""/readStuff""","""milliseconds","""serial_data_client.py""","""talker""",33,/object_return,/rosout
1534357784233156327,,177,,1534357784,232547998,'',2,"""/readStuff""","""milliseconds","""serial_data_client.py""","""talker""",33,/object_return,/rosout
1534357785233652297,,178,,1534357785,233302116,'',2,"""/readStuff""","""milliseconds","""serial_data_client.py""","""talker""",33,/object_return,/rosout
1534357786233486284,,179,,1534357786,232991933,'',2,"""/readStuff""","""milliseconds","""serial_data_client.py""","""talker""",33,/object_return,/rosout
1534357787234689742,,180,,1534357787,233958959,'',2,"""/readStuff""","""milliseconds","""serial_data_client.py""","""talker""",33,/object_return,/rosout
1534357788234194989,,181,,1534357788,233833074,'',2,"""/readStuff""","""milliseconds","""serial_data_client.py""","""talker""",33,/object_return,/rosout
1534357789235413983,,182,,1534357789,234575986,'',2,"""/readStuff""","""milliseconds","""serial_data_client.py""","""talker""",33,/object_return,/rosout
1534357790235116709,,183,,1534357790,234627962,'',2,"""/readStuff""","""milliseconds","""serial_data_client.py""","""talker""",33,/object_return,/rosout
1534357791235731945,,184,,1534357791,235336065,'',2,"""/readStuff""","""milliseconds","""serial_data_client.py""","""talker""",33,/object_return,/rosout
1534357792236582592,,185,,1534357792,236125946,'',2,"""/readStuff""","""milliseconds","""serial_data_client.py""","""talker""",33,/object_return,/rosout
1534357793236665068,,186,,1534357793,236170053,'',2,"""/readStuff""","""milliseconds","""serial_data_client.py""","""talker""",33,/object_return,/rosout
1534357794237467964,,187,,1534357794,236932039,'',2,"""/readStuff""","""milliseconds","""serial_data_client.py""","""talker""",33,/object_return,/rosout
1534357795237320697,,188,,1534357795,236965894,'',2,"""/readStuff""","""milliseconds","""serial_data_client.py""","""talker""",33,/object_return,/rosout
1534357796238066758,,189,,1534357796,237725019,'',2,"""/readStuff""","""milliseconds","""serial_data_client.py""","""talker""",33,/object_return,/rosout
1534357797237780112,,190,,1534357797,237406015,'',2,"""/readStuff""","""milliseconds","""serial_data_client.py""","""talker""",33,/object_return,/rosout
1534357798239123775,,191,,1534357798,238574028,'',2,"""/readStuff""","""milliseconds","""serial_data_client.py""","""talker""",33,/object_return,/rosout
1534357799238897435,,192,,1534357799,238277912,'',2,"""/readStuff""","""milliseconds","""serial_data_client.py""","""talker""",33,/object_return,/rosout
1534357800239358050,,193,,1534357800,238980054,'',2,"""/readStuff""","""milliseconds","""serial_data_client.py""","""talker""",33,/object_return,/rosout
1534357801240570658,,194,,1534357801,240067005,'',2,"""/readStuff""","""milliseconds","""serial_data_client.py""","""talker""",33,/object_return,/rosout
1534357802240241061,,195,,1534357802,239768028,'',2,"""/readStuff""","""milliseconds","""serial_data_client.py""","""talker""",33,/object_return,/rosout
1534357803241018679,,196,,1534357803,240525007,'',2,"""/readStuff""","""milliseconds","""serial_data_client.py""","""talker""",33,/object_return,/rosout
1534357804241004902,,197,,1534357804,240601062,'',2,"""/readStuff""","""milliseconds","""serial_data_client.py""","""talker""",33,/object_return,/rosout
1534357805241935993,,198,,1534357805,241350889,'',2,"""/readStuff""","""milliseconds","""serial_data_client.py""","""talker""",33,/object_return,/rosout
1534357806241533759,,199,,1534357806,241020917,'',2,"""/readStuff""","""milliseconds","""serial_data_client.py""","""talker""",33,/object_return,/rosout
1534357807242641642,,200,,1534357807,242132902,'',2,"""/readStuff""","""milliseconds","""serial_data_client.py""","""talker""",33,/object_return,/rosout
1534357808243428698,,201,,1534357808,242887020,'',2,"""/readStuff""","""milliseconds","""serial_data_client.py""","""talker""",33,/object_return,/rosout
1534357809243675718,,202,,1534357809,242996931,'',2,"""/readStuff""","""milliseconds","""serial_data_client.py""","""talker""",33,/object_return,/rosout
1534357810244200896,,203,,1534357810,243700027,'',2,"""/readStuff""","""milliseconds","""serial_data_client.py""","""talker""",33,/object_return,/rosout
1534357811243788285,,204,,1534357811,243438005,'',2,"""/readStuff""","""milliseconds","""serial_data_client.py""","""talker""",33,/object_return,/rosout
1534357812244818512,,205,,1534357812,244477987,'',2,"""/readStuff""","""milliseconds","""serial_data_client.py""","""talker""",33,/object_return,/rosout
1534357813244564980,,206,,1534357813,244178056,'',2,"""/readStuff""","""milliseconds","""serial_data_client.py""","""talker""",33,/object_return,/rosout
1534357814245405219,,207,,1534357814,244923114,'',2,"""/readStuff""","""milliseconds","""serial_data_client.py""","""talker""",33,/object_return,/rosout
1534357815245540169,,208,,1534357815,245059967,'',2,"""/readStuff""","""milliseconds","""serial_data_client.py""","""talker""",33,/object_return,/rosout
1534357816246383466,,209,,1534357816,245801925,'',2,"""/readStuff""","""milliseconds","""serial_data_client.py""","""talker""",33,/object_return,/rosout
1534357817247148682,,210,,1534357817,246582984,'',2,"""/readStuff""","""milliseconds","""serial_data_client.py""","""talker""",33,/object_return,/rosout
1534357818246994514,,211,,1534357818,246630907,'',2,"""/readStuff""","""milliseconds","""serial_data_client.py""","""talker""",33,/object_return,/rosout
1534357819247970944,,212,,1534357819,247211933,'',2,"""/readStuff""","""milliseconds","""serial_data_client.py""","""talker""",33,/object_return,/rosout
1534357820247408110,,213,,1534357820,247064113,'',2,"""/readStuff""","""milliseconds","""serial_data_client.py""","""talker""",33,/object_return,/rosout
1534357821248659643,,214,,1534357821,248143911,'',2,"""/readStuff""","""milliseconds","""serial_data_client.py""","""talker""",33,/object_return,/rosout
1534357822248498389,,215,,1534357822,247826099,'',2,"""/readStuff""","""milliseconds","""serial_data_client.py""","""talker""",33,/object_return,/rosout
1534357823249468544,,216,,1534357823,248938083,'',2,"""/readStuff""","""milliseconds","""serial_data_client.py""","""talker""",33,/object_return,/rosout
1534357824250048451,,217,,1534357824,249681949,'',2,"""/readStuff""","""milliseconds","""serial_data_client.py""","""talker""",33,/object_return,/rosout
1534357825249756588,,218,,1534357825,249372005,'',2,"""/readStuff""","""milliseconds","""serial_data_client.py""","""talker""",33,/object_return,/rosout
1534357826250870887,,219,,1534357826,250530004,'',2,"""/readStuff""","""milliseconds","""serial_data_client.py""","""talker""",33,/object_return,/rosout
1534357827250559728,,220,,1534357827,250216960,'',2,"""/readStuff""","""milliseconds","""serial_data_client.py""","""talker""",33,/object_return,/rosout
1534357828251753251,,221,,1534357828,251291036,'',2,"""/readStuff""","""milliseconds","""serial_data_client.py""","""talker""",33,/object_return,/rosout
1534357829251532437,,222,,1534357829,251007080,'',2,"""/readStuff""","""milliseconds","""serial_data_client.py""","""talker""",33,/object_return,/rosout
1534357830252496602,,223,,1534357830,252093076,'',2,"""/readStuff""","""milliseconds","""serial_data_client.py""","""talker""",33,/object_return,/rosout
